{"\u7570\u7a2e": {"1m-1p": 0.6840402866513, "1m-2p": 1.2069659317996, "1m-3p": 1.8546408333653, "1m-4p": 2.3428306910152, "1m-5p": 2.577873093209, "1m-6p": 2.5235373760526, "1m-7p": 2.1879188687243, "1m-8p": 1.6252874488622, "1m-9p": 0.9673790505919, "2m-1p": 1.2069659317996, "2m-2p": 1.4456102455656, "2m-3p": 2.0602009182071, "2m-4p": 2.6291640923361, "2m-5p": 2.9741544297459, "2m-6p": 3.0231085692273, "2m-7p": 2.7669300589627, "2m-8p": 2.2560560680276, "2m-9p": 1.6252874488622, "3m-1p": 1.8546408333653, "3m-2p": 2.0602009182071, "3m-3p": 2.612403115711, "3m-4p": 3.1580127638941, "3m-5p": 3.4952028186758, "3m-6p": 3.5362598183895, "3m-7p": 3.2717021992455, "3m-8p": 2.7669300589627, "3m-9p": 2.1879188687243, "4m-1p": 2.3428306910152, "4m-2p": 2.6291640923361, "4m-3p": 3.1580127638941, "4m-4p": 3.638463545688, "4m-5p": 3.8962439448081, "4m-6p": 3.8589014781368, "4m-7p": 3.5362598183895, "4m-8p": 3.0231085692273, "4m-9p": 2.5235373760526, "5m-1p": 2.577873093209, "5m-2p": 2.9741544297459, "5m-3p": 3.4952028186758, "5m-4p": 3.8962439448081, "5m-5p": 4.043686456919, "5m-6p": 3.8962439448081, "5m-7p": 3.4952028186758, "5m-8p": 2.9741544297459, "5m-9p": 2.577873093209, "6m-1p": 2.5235373760526, "6m-2p": 3.0231085692273, "6m-3p": 3.5362598183895, "6m-4p": 3.8589014781368, "6m-5p": 3.8962439448081, "6m-6p": 3.638463545688, "6m-7p": 3.1580127638941, "6m-8p": 2.6291640923361, "6m-9p": 2.3428306910152, "7m-1p": 2.1879188687243, "7m-2p": 2.7669300589627, "7m-3p": 3.2717021992455, "7m-4p": 3.5362598183895, "7m-5p": 3.4952028186758, "7m-6p": 3.1580127638941, "7m-7p": 2.612403115711, "7m-8p": 2.0602009182071, "7m-9p": 1.8546408333653, "8m-1p": 1.6252874488622, "8m-2p": 2.2560560680276, "8m-3p": 2.7669300589627, "8m-4p": 3.0231085692273, "8m-5p": 2.9741544297459, "8m-6p": 2.6291640923361, "8m-7p": 2.0602009182071, "8m-8p": 1.4456102455656, "8m-9p": 1.2069659317996, "9m-1p": 0.9673790505919, "9m-2p": 1.6252874488622, "9m-3p": 2.1879188687243, "9m-4p": 2.5235373760526, "9m-5p": 2.577873093209, "9m-6p": 2.3428306910152, "9m-7p": 1.8546408333653, "9m-8p": 1.2069659317996, "9m-9p": 0.6840402866513, "1p-1s": 0.6840402866513, "1p-2s": 1.2069659317996, "1p-3s": 1.8546408333653, "1p-4s": 2.3428306910152, "1p-5s": 2.577873093209, "1p-6s": 2.5235373760526, "1p-7s": 2.1879188687243, "1p-8s": 1.6252874488622, "1p-9s": 0.9673790505919, "2p-1s": 1.2069659317996, "2p-2s": 1.4456102455656, "2p-3s": 2.0602009182071, "2p-4s": 2.6291640923361, "2p-5s": 2.9741544297459, "2p-6s": 3.0231085692273, "2p-7s": 2.7669300589627, "2p-8s": 2.2560560680276, "2p-9s": 1.6252874488622, "3p-1s": 1.8546408333653, "3p-2s": 2.0602009182071, "3p-3s": 2.612403115711, "3p-4s": 3.1580127638941, "3p-5s": 3.4952028186758, "3p-6s": 3.5362598183895, "3p-7s": 3.2717021992455, "3p-8s": 2.7669300589627, "3p-9s": 2.1879188687243, "4p-1s": 2.3428306910152, "4p-2s": 2.6291640923361, "4p-3s": 3.1580127638941, "4p-4s": 3.638463545688, "4p-5s": 3.8962439448081, "4p-6s": 3.8589014781368, "4p-7s": 3.5362598183895, "4p-8s": 3.0231085692273, "4p-9s": 2.5235373760526, "5p-1s": 2.577873093209, "5p-2s": 2.9741544297459, "5p-3s": 3.4952028186758, "5p-4s": 3.8962439448081, "5p-5s": 4.043686456919, "5p-6s": 3.8962439448081, "5p-7s": 3.4952028186758, "5p-8s": 2.9741544297459, "5p-9s": 2.577873093209, "6p-1s": 2.5235373760526, "6p-2s": 3.0231085692273, "6p-3s": 3.5362598183895, "6p-4s": 3.8589014781368, "6p-5s": 3.8962439448081, "6p-6s": 3.638463545688, "6p-7s": 3.1580127638941, "6p-8s": 2.6291640923361, "6p-9s": 2.3428306910152, "7p-1s": 2.1879188687243, "7p-2s": 2.7669300589627, "7p-3s": 3.2717021992455, "7p-4s": 3.5362598183895, "7p-5s": 3.4952028186758, "7p-6s": 3.1580127638941, "7p-7s": 2.612403115711, "7p-8s": 2.0602009182071, "7p-9s": 1.8546408333653, "8p-1s": 1.6252874488622, "8p-2s": 2.2560560680276, "8p-3s": 2.7669300589627, "8p-4s": 3.0231085692273, "8p-5s": 2.9741544297459, "8p-6s": 2.6291640923361, "8p-7s": 2.0602009182071, "8p-8s": 1.4456102455656, "8p-9s": 1.2069659317996, "9p-1s": 0.9673790505919, "9p-2s": 1.6252874488622, "9p-3s": 2.1879188687243, "9p-4s": 2.5235373760526, "9p-5s": 2.577873093209, "9p-6s": 2.3428306910152, "9p-7s": 1.8546408333653, "9p-8s": 1.2069659317996, "9p-9s": 0.6840402866513, "1s-1m": 0.6840402866513, "1s-2m": 1.2069659317996, "1s-3m": 1.8546408333653, "1s-4m": 2.3428306910152, "1s-5m": 2.577873093209, "1s-6m": 2.5235373760526, "1s-7m": 2.1879188687243, "1s-8m": 1.6252874488622, "1s-9m": 0.9673790505919, "2s-1m": 1.2069659317996, "2s-2m": 1.4456102455656, "2s-3m": 2.0602009182071, "2s-4m": 2.6291640923361, "2s-5m": 2.9741544297459, "2s-6m": 3.0231085692273, "2s-7m": 2.7669300589627, "2s-8m": 2.2560560680276, "2s-9m": 1.6252874488622, "3s-1m": 1.8546408333653, "3s-2m": 2.0602009182071, "3s-3m": 2.612403115711, "3s-4m": 3.1580127638941, "3s-5m": 3.4952028186758, "3s-6m": 3.5362598183895, "3s-7m": 3.2717021992455, "3s-8m": 2.7669300589627, "3s-9m": 2.1879188687243, "4s-1m": 2.3428306910152, "4s-2m": 2.6291640923361, "4s-3m": 3.1580127638941, "4s-4m": 3.638463545688, "4s-5m": 3.8962439448081, "4s-6m": 3.8589014781368, "4s-7m": 3.5362598183895, "4s-8m": 3.0231085692273, "4s-9m": 2.5235373760526, "5s-1m": 2.577873093209, "5s-2m": 2.9741544297459, "5s-3m": 3.4952028186758, "5s-4m": 3.8962439448081, "5s-5m": 4.043686456919, "5s-6m": 3.8962439448081, "5s-7m": 3.4952028186758, "5s-8m": 2.9741544297459, "5s-9m": 2.577873093209, "6s-1m": 2.5235373760526, "6s-2m": 3.0231085692273, "6s-3m": 3.5362598183895, "6s-4m": 3.8589014781368, "6s-5m": 3.8962439448081, "6s-6m": 3.638463545688, "6s-7m": 3.1580127638941, "6s-8m": 2.6291640923361, "6s-9m": 2.3428306910152, "7s-1m": 2.1879188687243, "7s-2m": 2.7669300589627, "7s-3m": 3.2717021992455, "7s-4m": 3.5362598183895, "7s-5m": 3.4952028186758, "7s-6m": 3.1580127638941, "7s-7m": 2.612403115711, "7s-8m": 2.0602009182071, "7s-9m": 1.8546408333653, "8s-1m": 1.6252874488622, "8s-2m": 2.2560560680276, "8s-3m": 2.7669300589627, "8s-4m": 3.0231085692273, "8s-5m": 2.9741544297459, "8s-6m": 2.6291640923361, "8s-7m": 2.0602009182071, "8s-8m": 1.4456102455656, "8s-9m": 1.2069659317996, "9s-1m": 0.9673790505919, "9s-2m": 1.6252874488622, "9s-3m": 2.1879188687243, "9s-4m": 2.5235373760526, "9s-5m": 2.577873093209, "9s-6m": 2.3428306910152, "9s-7m": 1.8546408333653, "9s-8m": 1.2069659317996, "9s-9m": 0.6840402866513}, "\u540c\u7a2e": {"1-2": 0.6840402866513, "1-3": 1.2855752193731, "1-4": 1.7320508075689, "1-5": 1.9696155060244, "1-6": 1.9696155060244, "1-7": 1.7320508075689, "1-8": 1.2855752193731, "1-9": 0.6840402866513, "2-1": 0.6840402866513, "2-3": 0.6840402866513, "2-4": 1.2855752193731, "2-5": 1.7320508075689, "2-6": 1.9696155060244, "2-7": 1.9696155060244, "2-8": 1.7320508075689, "2-9": 1.2855752193731, "3-1": 1.2855752193731, "3-2": 0.6840402866513, "3-4": 0.6840402866513, "3-5": 1.2855752193731, "3-6": 1.7320508075689, "3-7": 1.9696155060244, "3-8": 1.9696155060244, "3-9": 1.7320508075689, "4-1": 1.7320508075689, "4-2": 1.2855752193731, "4-3": 0.6840402866513, "4-5": 0.6840402866513, "4-6": 1.2855752193731, "4-7": 1.7320508075689, "4-8": 1.9696155060244, "4-9": 1.9696155060244, "5-1": 1.9696155060244, "5-2": 1.7320508075689, "5-3": 1.2855752193731, "5-4": 0.6840402866513, "5-6": 0.6840402866513, "5-7": 1.2855752193731, "5-8": 1.7320508075689, "5-9": 1.9696155060244, "6-1": 1.9696155060244, "6-2": 1.9696155060244, "6-3": 1.7320508075689, "6-4": 1.2855752193731, "6-5": 0.6840402866513, "6-7": 0.6840402866513, "6-8": 1.2855752193731, "6-9": 1.7320508075689, "7-1": 1.7320508075689, "7-2": 1.9696155060244, "7-3": 1.9696155060244, "7-4": 1.7320508075689, "7-5": 1.2855752193731, "7-6": 0.6840402866513, "7-8": 0.6840402866513, "7-9": 1.2855752193731, "8-1": 1.2855752193731, "8-2": 1.7320508075689, "8-3": 1.9696155060244, "8-4": 1.9696155060244, "8-5": 1.7320508075689, "8-6": 1.2855752193731, "8-7": 0.6840402866513, "8-9": 0.6840402866513, "9-1": 0.6840402866513, "9-2": 1.2855752193731, "9-3": 1.7320508075689, "9-4": 1.9696155060244, "9-5": 1.9696155060244,